{"cameraMode":{"drawMode":0,"name":"Shaded","section":"Shading Mode"},"sceneLighting":true,"audioPlay":false,"sceneViewState":{"showFog":true,"showMaterialUpdate":false,"showSkybox":true,"showFlares":true,"showImageEffects":true,"showParticleSystems":true},"in2DMode":false,"pivot":{"x":9.593864440917969,"y":27.098342895507814,"z":50.686710357666019},"rotation":{"x":0.05850786343216896,"y":-0.9414493441581726,"z":0.24070009589195252,"w":0.2288123220205307},"size":5.576035499572754,"orthographic":false}