{"cameraMode":{"drawMode":0,"name":"Shaded","section":"Shading Mode"},"sceneLighting":true,"audioPlay":false,"sceneViewState":{"showFog":true,"showMaterialUpdate":false,"showSkybox":true,"showFlares":true,"showImageEffects":true,"showParticleSystems":true},"in2DMode":false,"pivot":{"x":130.51083374023438,"y":72.79563903808594,"z":536.4737548828125},"rotation":{"x":-0.040250785648822787,"y":-0.9094783067703247,"z":0.4053777754306793,"w":-0.08991789072751999},"size":21.204999923706056,"orthographic":false}