{"cameraMode":{"drawMode":0,"name":"Shaded","section":"Shading Mode"},"sceneLighting":false,"audioPlay":false,"sceneViewState":{"showFog":true,"showMaterialUpdate":false,"showSkybox":false,"showFlares":true,"showImageEffects":true,"showParticleSystems":true},"in2DMode":false,"pivot":{"x":-6.119315147399902,"y":3.396749258041382,"z":22.327125549316408},"rotation":{"x":0.09447723627090454,"y":-0.8366209268569946,"z":0.1444840431213379,"w":0.5215545892715454},"size":3.439302444458008,"orthographic":false}