{"cameraMode":{"drawMode":0,"name":"Shaded","section":"Shading Mode"},"sceneLighting":false,"audioPlay":false,"sceneViewState":{"showFog":true,"showMaterialUpdate":false,"showSkybox":false,"showFlares":true,"showImageEffects":true,"showParticleSystems":true},"in2DMode":false,"pivot":{"x":159.83978271484376,"y":18.75763702392578,"z":416.10711669921877},"rotation":{"x":-0.0016100023640319706,"y":-0.9964128732681274,"z":0.07085815072059632,"w":-0.06360295414924622},"size":17.085458755493165,"orthographic":false}