{"cameraMode":{"drawMode":0,"name":"Shaded","section":"Shading Mode"},"sceneLighting":false,"audioPlay":false,"sceneViewState":{"showFog":true,"showMaterialUpdate":false,"showSkybox":false,"showFlares":true,"showImageEffects":true,"showParticleSystems":true},"in2DMode":false,"pivot":{"x":-6.195530414581299,"y":2.4781856536865236,"z":21.517194747924806},"rotation":{"x":-0.06911381334066391,"y":0.9251024723052979,"z":-0.312549889087677,"w":-0.2046370804309845},"size":3.7517035007476808,"orthographic":false}