{"cameraMode":{"drawMode":0,"name":"Shaded","section":"Shading Mode"},"sceneLighting":true,"audioPlay":false,"sceneViewState":{"showFog":true,"showMaterialUpdate":false,"showSkybox":true,"showFlares":true,"showImageEffects":true,"showParticleSystems":true},"in2DMode":false,"pivot":{"x":-62.64607620239258,"y":-30.746076583862306,"z":-9.281196594238282},"rotation":{"x":-0.15466086566448213,"y":0.7220339775085449,"z":-0.1712050884962082,"w":-0.6522995233535767},"size":79.19461822509766,"orthographic":false}